record_id,source_row,timestamp,observed_outcome,model_score_uncalibrated,review_at_10pct_budget,top_positive_associations,score_rank
record_1397,1397,2008-10-07 11:16:00,pass,0.9991140270524389,True,feature_205 (+3.25); feature_201 (+2.91); feature_341 (+2.50),1
record_1400,1400,2008-10-07 13:10:00,fail,0.9873427968160149,True,feature_348 (+2.88); feature_075 (+1.80); feature_132 (+1.24),2
record_1467,1467,2008-10-12 01:50:00,pass,0.9825745726811058,True,feature_071 (+0.78); feature_060 (+0.69); feature_143 (+0.57),3
record_1519,1519,2008-10-15 02:42:00,fail,0.967168587015804,True,feature_099 (+4.84); feature_460 (+0.94); feature_388 (+0.73),4
record_1257,1257,2008-10-02 22:33:00,pass,0.9253768099581803,True,feature_071 (+1.36); feature_132 (+1.12); feature_270 (+0.91),5
record_1536,1536,2008-10-15 17:19:00,pass,0.919524065252882,True,feature_388 (+5.94); feature_522 (+1.05); feature_060 (+0.67),6
record_1346,1346,2008-10-06 05:24:00,pass,0.8864934856124989,True,feature_588 (+1.65); feature_071 (+1.29); feature_060 (+0.66),7
record_1343,1343,2008-10-06 03:57:00,fail,0.8614401187774707,True,feature_132 (+1.24); feature_071 (+0.95); feature_274 (+0.77),8
record_1460,1460,2008-10-11 08:27:00,pass,0.834608731438889,True,feature_071 (+0.66); feature_143 (+0.57); feature_416 (+0.53),9
record_1385,1385,2008-10-07 03:39:00,pass,0.7834032972226288,True,feature_331 (+2.11); feature_467 (+1.17); feature_195 (+1.09),10
record_1363,1363,2008-10-06 13:38:00,fail,0.7410249592178839,True,feature_132 (+1.24); feature_060 (+0.82); feature_344 (+0.62),11
record_1344,1344,2008-10-06 04:26:00,pass,0.7309077627087138,True,feature_071 (+0.65); feature_129 (+0.65); feature_060 (+0.59),12
record_1427,1427,2008-10-08 17:14:00,pass,0.7003082749518966,True,feature_205 (+2.23); feature_341 (+1.74); feature_201 (+1.45),13
record_1530,1530,2008-10-15 12:53:00,pass,0.6765724595691749,True,feature_071 (+0.67); feature_132 (+0.66); feature_096 (+0.53),14
record_1275,1275,2008-10-03 19:23:00,pass,0.6450008182724905,True,feature_129 (+0.88); feature_060 (+0.79); feature_491 (+0.70),15
record_1565,1565,2008-10-17 06:01:00,pass,0.6363850888258454,True,feature_060 (+0.86); feature_099 (+0.79); feature_115 (+0.70),16
record_1533,1533,2008-10-15 14:08:00,pass,0.608650476910217,True,feature_071 (+1.06); feature_132 (+0.66); feature_099 (+0.64),17
record_1263,1263,2008-10-03 03:52:00,pass,0.6075885127329912,True,feature_060 (+0.70); feature_033 (+0.65); feature_129 (+0.58),18
record_1282,1282,2008-10-03 22:08:00,pass,0.6064203548963139,True,feature_132 (+1.24); feature_488 (+0.50); feature_133 (+0.42),19
record_1470,1470,2008-10-12 03:28:00,pass,0.5552418215801999,True,feature_060 (+0.61); feature_132 (+0.59); feature_488 (+0.50),20
record_1403,1403,2008-10-07 16:32:00,pass,0.5371729806089447,True,feature_491 (+1.01); feature_040 (+0.67); feature_132 (+0.54),21
record_1513,1513,2008-10-15 00:47:00,pass,0.5288245359789567,True,feature_060 (+0.77); feature_274 (+0.61); feature_043 (+0.52),22
record_1411,1411,2008-10-08 04:47:00,pass,0.5254576117183168,True,feature_071 (+1.27); feature_060 (+0.79); feature_040 (+0.75),23
record_1260,1260,2008-10-03 00:24:00,pass,0.5221183046759418,True,feature_132 (+1.31); feature_040 (+0.68); feature_133 (+0.54),24
record_1555,1555,2008-10-16 04:50:00,pass,0.5186472934879541,True,feature_249 (+0.78); feature_387 (+0.75); feature_168 (+0.60),25
record_1507,1507,2008-10-14 20:30:00,pass,0.4923896693564427,True,feature_473 (+0.61); feature_056 (+0.54); feature_488 (+0.50),26
record_1267,1267,2008-10-03 05:45:00,pass,0.4253397365740175,True,feature_132 (+1.12); feature_274 (+0.78); feature_040 (+0.69),27
record_1556,1556,2008-10-16 04:54:00,pass,0.42376483977531,True,feature_274 (+0.99); feature_388 (+0.49); feature_006 (+0.45),28
record_1264,1264,2008-10-03 03:56:00,pass,0.41791283283451525,True,feature_331 (+2.11); feature_467 (+1.17); feature_195 (+1.09),29
record_1450,1450,2008-10-10 15:50:00,pass,0.3963392844457831,True,feature_582 (+0.64); feature_132 (+0.59); feature_344 (+0.53),30
record_1521,1521,2008-10-15 04:08:00,pass,0.3911090684154105,True,feature_274 (+0.61); feature_060 (+0.57); feature_216 (+0.52),31
record_1364,1364,2008-10-06 13:55:00,fail,0.38696201775997313,True,feature_274 (+0.78); feature_129 (+0.58); feature_132 (+0.54),32
record_1315,1315,2008-10-05 09:47:00,pass,0.3841012552046157,False,feature_071 (+1.02); feature_132 (+0.78); feature_488 (+0.50),33
record_1324,1324,2008-10-05 15:30:00,fail,0.36661918765788454,False,feature_132 (+1.31); feature_056 (+0.83); feature_349 (+0.77),34
record_1431,1431,2008-10-08 20:27:00,pass,0.34966615072862145,False,feature_060 (+1.16); feature_050 (+0.71); feature_043 (+0.68),35
record_1255,1255,2008-10-02 21:33:00,pass,0.34712300745139335,False,feature_132 (+1.12); feature_060 (+0.78); feature_354 (+0.74),36
record_1401,1401,2008-10-07 13:48:00,pass,0.3229219284394809,False,feature_060 (+0.66); feature_000 (+0.63); feature_050 (+0.54),37
record_1281,1281,2008-10-03 21:52:00,pass,0.32046353211701895,False,feature_071 (+1.28); feature_060 (+0.84); feature_132 (+0.82),38
record_1500,1500,2008-10-14 13:16:00,pass,0.31796578138463094,False,feature_053 (+0.49); feature_006 (+0.43); feature_558 (+0.39),39
record_1447,1447,2008-10-10 10:53:00,pass,0.2964200011116683,False,feature_132 (+0.59); feature_271 (+0.40); feature_216 (+0.34),40
record_1256,1256,2008-10-02 22:23:00,pass,0.29158581000696154,False,feature_071 (+0.94); feature_274 (+0.73); feature_060 (+0.66),41
record_1366,1366,2008-10-06 15:01:00,pass,0.27632182775041325,False,feature_344 (+0.61); feature_132 (+0.55); feature_460 (+0.47),42
record_1259,1259,2008-10-02 23:32:00,pass,0.2728930863512328,False,feature_132 (+1.31); feature_040 (+0.68); feature_423 (+0.54),43
record_1262,1262,2008-10-03 02:41:00,pass,0.26002006176518233,False,feature_132 (+1.12); feature_040 (+0.59); feature_060 (+0.51),44
record_1396,1396,2008-10-07 11:15:00,pass,0.24228031524241223,False,feature_071 (+0.86); feature_491 (+0.70); feature_365 (+0.66),45
record_1298,1298,2008-10-04 19:47:00,pass,0.23925053303449972,False,feature_306 (+0.75); feature_442 (+0.60); feature_588 (+0.49),46
record_1302,1302,2008-10-04 23:18:00,fail,0.23808136773035007,False,feature_132 (+1.24); feature_473 (+0.56); feature_099 (+0.48),47
record_1272,1272,2008-10-03 12:31:00,pass,0.23094917596603104,False,feature_132 (+1.24); feature_000 (+0.80); feature_133 (+0.42),48
record_1451,1451,2008-10-10 20:02:00,pass,0.22826993833432435,False,feature_491 (+1.85); feature_118 (+1.08); feature_060 (+0.56),49
record_1448,1448,2008-10-10 12:30:00,pass,0.22480341957567365,False,feature_132 (+0.59); feature_143 (+0.57); feature_416 (+0.53),50
record_1545,1545,2008-10-16 02:16:00,pass,0.22387937323701018,False,feature_473 (+0.86); feature_415 (+0.61); feature_056 (+0.55),51
record_1322,1322,2008-10-05 13:49:00,pass,0.21571830606682443,False,feature_071 (+1.16); feature_132 (+0.78); feature_099 (+0.45),52
record_1563,1563,2008-10-16 20:49:00,pass,0.21497561445766716,False,feature_365 (+0.72); feature_491 (+0.70); feature_271 (+0.65),53
record_1506,1506,2008-10-14 20:01:00,pass,0.2079950209301899,False,feature_000 (+0.57); feature_201 (+0.52); feature_488 (+0.50),54
record_1292,1292,2008-10-04 15:16:00,pass,0.20368828165317307,False,feature_348 (+1.03); feature_423 (+0.82); feature_277 (+0.72),55
record_1496,1496,2008-10-14 03:21:00,pass,0.20155439208667372,False,feature_060 (+0.69); feature_115 (+0.69); feature_124 (+0.59),56
record_1560,1560,2008-10-16 05:58:00,pass,0.19342381777418424,False,feature_270 (+2.51); feature_000 (+1.07); feature_132 (+0.70),57
record_1283,1283,2008-10-03 22:53:00,pass,0.18927976339189018,False,feature_099 (+0.84); feature_000 (+0.66); feature_491 (+0.55),58
record_1441,1441,2008-10-09 14:15:00,pass,0.18904587400132697,False,feature_053 (+7.44); feature_054 (+4.40); feature_040 (+0.64),59
record_1326,1326,2008-10-05 16:15:00,pass,0.18129911224087136,False,feature_132 (+0.87); feature_306 (+0.75); feature_115 (+0.73),60
record_1443,1443,2008-10-09 15:55:00,fail,0.17950979376967224,False,feature_071 (+0.92); feature_040 (+0.75); feature_132 (+0.72),61
record_1409,1409,2008-10-07 20:39:00,pass,0.17281733938704472,False,feature_060 (+0.59); feature_473 (+0.55); feature_388 (+0.54),62
record_1348,1348,2008-10-06 06:26:00,pass,0.1724927859847948,False,feature_000 (+0.62); feature_415 (+0.61); feature_132 (+0.59),63
record_1367,1367,2008-10-06 15:52:00,pass,0.1719684152994132,False,feature_071 (+1.17); feature_588 (+0.70); feature_040 (+0.63),64
record_1505,1505,2008-10-14 19:15:00,pass,0.16824021527535685,False,feature_132 (+0.80); feature_040 (+0.63); feature_133 (+0.54),65
record_1485,1485,2008-10-13 19:36:00,pass,0.1658747159144385,False,feature_040 (+0.63); feature_124 (+0.59); feature_354 (+0.51),66
record_1303,1303,2008-10-05 00:33:00,fail,0.16194337111591325,False,feature_473 (+1.38); feature_132 (+1.32); feature_000 (+0.73),67
record_1328,1328,2008-10-05 16:49:00,fail,0.15966458653628157,False,feature_129 (+0.58); feature_488 (+0.50); feature_582 (+0.47),68
record_1311,1311,2008-10-05 06:15:00,pass,0.15586421127967853,False,feature_071 (+1.18); feature_132 (+0.86); feature_306 (+0.75),69
record_1327,1327,2008-10-05 16:37:00,fail,0.15529898687158583,False,feature_129 (+0.88); feature_423 (+0.56); feature_216 (+0.55),70
record_1554,1554,2008-10-16 04:47:00,pass,0.15473638130946393,False,feature_053 (+0.70); feature_473 (+0.58); feature_133 (+0.55),71
record_1294,1294,2008-10-04 18:15:00,pass,0.1541441520862117,False,feature_132 (+1.24); feature_071 (+0.81); feature_473 (+0.46),72
record_1435,1435,2008-10-08 23:13:00,pass,0.14903230233385045,False,feature_473 (+1.10); feature_201 (+0.80); feature_132 (+0.72),73
record_1316,1316,2008-10-05 10:00:00,pass,0.14691085885635968,False,feature_132 (+0.78); feature_060 (+0.59); feature_563 (+0.56),74
record_1438,1438,2008-10-09 04:34:00,fail,0.14615788368569532,False,feature_486 (+0.60); feature_132 (+0.54); feature_201 (+0.51),75
record_1542,1542,2008-10-15 22:54:00,pass,0.14561164641130642,False,feature_133 (+0.57); feature_271 (+0.47); feature_423 (+0.46),76
record_1539,1539,2008-10-15 19:24:00,pass,0.1352093341406494,False,feature_473 (+1.28); feature_201 (+0.72); feature_040 (+0.67),77
record_1254,1254,2008-10-02 21:32:00,fail,0.13252111771435165,False,feature_132 (+1.12); feature_071 (+0.97); feature_040 (+0.68),78
record_1562,1562,2008-10-16 15:13:00,pass,0.13232249921532163,False,feature_274 (+0.99); feature_060 (+0.89); feature_043 (+0.56),79
record_1509,1509,2008-10-14 21:36:00,pass,0.13165397069632098,False,feature_132 (+0.71); feature_354 (+0.65); feature_102 (+0.48),80
record_1265,1265,2008-10-03 04:49:00,pass,0.1306818602364375,False,feature_040 (+0.68); feature_129 (+0.58); feature_132 (+0.54),81
record_1280,1280,2008-10-03 21:15:00,pass,0.12751680459832665,False,feature_132 (+1.24); feature_423 (+0.54); feature_115 (+0.48),82
record_1410,1410,2008-10-07 20:48:00,pass,0.1223759981599757,False,feature_132 (+0.54); feature_491 (+0.52); feature_053 (+0.45),83
record_1278,1278,2008-10-03 20:35:00,pass,0.12148062129086439,False,feature_129 (+0.58); feature_115 (+0.56); feature_132 (+0.54),84
record_1271,1271,2008-10-03 11:40:00,pass,0.110839657967978,False,feature_132 (+1.32); feature_354 (+0.52); feature_133 (+0.43),85
record_1376,1376,2008-10-06 20:02:00,pass,0.10847667181786291,False,feature_056 (+0.70); feature_354 (+0.65); feature_486 (+0.54),86
record_1261,1261,2008-10-03 00:55:00,pass,0.1027898770184895,False,feature_129 (+0.58); feature_473 (+0.56); feature_488 (+0.50),87
record_1515,1515,2008-10-15 01:52:00,pass,0.10187307238825084,False,feature_132 (+0.80); feature_133 (+0.54); feature_354 (+0.52),88
record_1276,1276,2008-10-03 20:11:00,pass,0.10174551844932885,False,feature_129 (+0.88); feature_060 (+0.72); feature_115 (+0.56),89
record_1360,1360,2008-10-06 12:39:00,pass,0.09737867968410857,False,feature_060 (+0.62); feature_132 (+0.53); feature_071 (+0.50),90
record_1557,1557,2008-10-16 05:08:00,pass,0.08959294660240182,False,feature_053 (+0.70); feature_133 (+0.55); feature_006 (+0.43),91
record_1474,1474,2008-10-13 03:53:00,pass,0.08488041926138333,False,feature_040 (+0.63); feature_124 (+0.57); feature_239 (+0.50),92
record_1301,1301,2008-10-04 22:06:00,pass,0.08368838295314045,False,feature_132 (+0.84); feature_000 (+0.63); feature_064 (+0.37),93
record_1285,1285,2008-10-04 00:58:00,pass,0.08275328377548856,False,feature_019 (+0.59); feature_060 (+0.55); feature_354 (+0.52),94
record_1269,1269,2008-10-03 08:35:00,pass,0.08191032691117182,False,feature_040 (+0.68); feature_388 (+0.52); feature_038 (+0.46),95
record_1486,1486,2008-10-13 19:40:00,pass,0.08105735768897417,False,feature_124 (+0.59); feature_488 (+0.50); feature_053 (+0.49),96
record_1392,1392,2008-10-07 09:59:00,pass,0.07679577119257747,False,feature_071 (+1.42); feature_060 (+0.86); feature_043 (+0.63),97
record_1306,1306,2008-10-05 04:01:00,pass,0.07553519853632328,False,feature_132 (+0.91); feature_344 (+0.59); feature_060 (+0.55),98
record_1514,1514,2008-10-15 01:52:00,pass,0.07374485477663524,False,feature_060 (+0.79); feature_132 (+0.72); feature_050 (+0.65),99
record_1531,1531,2008-10-15 13:14:00,pass,0.07360900834910887,False,feature_132 (+0.80); feature_133 (+0.54); feature_488 (+0.50),100
record_1361,1361,2008-10-06 12:42:00,pass,0.07019786621306032,False,feature_071 (+1.16); feature_050 (+0.65); feature_132 (+0.56),101
record_1345,1345,2008-10-06 05:21:00,pass,0.06706519906627505,False,feature_588 (+1.65); feature_060 (+0.68); feature_415 (+0.61),102
record_1394,1394,2008-10-07 10:10:00,pass,0.06551452514316418,False,feature_588 (+0.86); feature_354 (+0.65); feature_053 (+0.45),103
record_1358,1358,2008-10-06 10:07:00,pass,0.06548099709173932,False,feature_071 (+1.36); feature_060 (+0.66); feature_050 (+0.64),104
record_1379,1379,2008-10-06 21:46:00,pass,0.06497836200847396,False,feature_132 (+0.54); feature_365 (+0.53); feature_056 (+0.45),105
record_1432,1432,2008-10-08 21:19:00,pass,0.06453973034836796,False,feature_491 (+1.85); feature_056 (+0.48); feature_219 (+0.41),106
record_1300,1300,2008-10-04 20:39:00,pass,0.0645020437730048,False,feature_132 (+1.24); feature_000 (+0.71); feature_344 (+0.58),107
record_1289,1289,2008-10-04 04:12:00,pass,0.06258153608881241,False,feature_071 (+1.16); feature_132 (+0.86); feature_060 (+0.78),108
record_1495,1495,2008-10-14 00:35:00,pass,0.06070530521862835,False,feature_491 (+1.85); feature_118 (+0.93); feature_060 (+0.66),109
record_1288,1288,2008-10-04 03:53:00,pass,0.06041573954496196,False,feature_132 (+0.84); feature_056 (+0.70); feature_115 (+0.51),110
record_1511,1511,2008-10-15 00:03:00,pass,0.056944098564875346,False,feature_132 (+0.72); feature_060 (+0.63); feature_274 (+0.61),111
record_1440,1440,2008-10-09 07:38:00,pass,0.05582411333340416,False,feature_301 (+0.59); feature_201 (+0.53); feature_473 (+0.52),112
record_1547,1547,2008-10-16 02:17:00,pass,0.054467722558543236,False,feature_473 (+0.64); feature_201 (+0.52); feature_274 (+0.49),113
record_1297,1297,2008-10-04 19:12:00,pass,0.05244248367155517,False,feature_365 (+0.81); feature_277 (+0.68); feature_040 (+0.68),114
record_1279,1279,2008-10-03 20:46:00,pass,0.0508857771462838,False,feature_132 (+1.24); feature_201 (+1.15); feature_473 (+0.99),115
record_1540,1540,2008-10-15 21:44:00,pass,0.04999989991894036,False,feature_132 (+0.66); feature_274 (+0.61); feature_071 (+0.59),116
record_1340,1340,2008-10-06 02:49:00,pass,0.048762110021099675,False,feature_132 (+0.59); feature_201 (+0.48); feature_564 (+0.42),117
record_1494,1494,2008-10-13 22:54:00,pass,0.048604618661272934,False,feature_491 (+1.85); feature_124 (+0.59); feature_168 (+0.52),118
record_1312,1312,2008-10-05 08:02:00,pass,0.04655958213798968,False,feature_040 (+0.68); feature_060 (+0.65); feature_050 (+0.54),119
record_1359,1359,2008-10-06 11:51:00,pass,0.04596574667160153,False,feature_216 (+1.01); feature_071 (+0.73); feature_132 (+0.53),120
record_1407,1407,2008-10-07 19:24:00,pass,0.045537515998007906,False,feature_060 (+0.90); feature_354 (+0.73); feature_043 (+0.55),121
record_1549,1549,2008-10-16 02:55:00,pass,0.042277113594708364,False,feature_132 (+0.70); feature_033 (+0.65); feature_102 (+0.45),122
record_1332,1332,2008-10-05 20:12:00,pass,0.041114930249185715,False,feature_060 (+1.01); feature_050 (+0.66); feature_415 (+0.61),123
record_1552,1552,2008-10-16 04:02:00,pass,0.041067534389155044,False,feature_423 (+0.70); feature_133 (+0.55); feature_367 (+0.53),124
record_1299,1299,2008-10-04 19:54:00,pass,0.04058183880665055,False,feature_132 (+1.32); feature_216 (+0.79); feature_460 (+0.50),125
record_1330,1330,2008-10-05 18:59:00,pass,0.04047809385829826,False,feature_132 (+0.78); feature_277 (+0.55); feature_038 (+0.48),126
record_1532,1532,2008-10-15 13:16:00,pass,0.03983108223601338,False,feature_488 (+0.50); feature_274 (+0.49); feature_588 (+0.48),127
record_1487,1487,2008-10-13 20:10:00,pass,0.03900563812943729,False,feature_060 (+0.78); feature_124 (+0.59); feature_043 (+0.52),128
record_1329,1329,2008-10-05 18:46:00,fail,0.038786717888324135,False,feature_132 (+0.88); feature_274 (+0.78); feature_216 (+0.76),129
record_1398,1398,2008-10-07 11:36:00,pass,0.03664943616235102,False,feature_000 (+0.71); feature_060 (+0.54); feature_132 (+0.51),130
record_1559,1559,2008-10-16 05:44:00,pass,0.03479033907429315,False,feature_132 (+0.70); feature_060 (+0.57); feature_201 (+0.50),131
record_1293,1293,2008-10-04 16:58:00,pass,0.03450740238154444,False,feature_060 (+0.82); feature_277 (+0.72); feature_050 (+0.72),132
record_1334,1334,2008-10-05 22:13:00,pass,0.03423878447658124,False,feature_071 (+0.70); feature_132 (+0.52); feature_271 (+0.44),133
record_1313,1313,2008-10-05 08:40:00,pass,0.03411371708871422,False,feature_077 (+0.45); feature_201 (+0.45); feature_473 (+0.43),134
record_1444,1444,2008-10-09 15:56:00,pass,0.03367613931287453,False,feature_238 (+1.09); feature_239 (+0.98); feature_118 (+0.77),135
record_1253,1253,2008-10-02 20:54:00,pass,0.03337110160748574,False,feature_132 (+1.12); feature_306 (+0.75); feature_442 (+0.60),136
record_1373,1373,2008-10-06 18:54:00,pass,0.03327178284707834,False,feature_132 (+0.46); feature_491 (+0.39); feature_056 (+0.38),137
record_1321,1321,2008-10-05 12:17:00,pass,0.03201908483411237,False,feature_124 (+0.47); feature_000 (+0.47); feature_081 (+0.43),138
record_1412,1412,2008-10-08 05:35:00,pass,0.03180172946957278,False,feature_588 (+1.01); feature_423 (+0.64); feature_060 (+0.62),139
record_1318,1318,2008-10-05 11:05:00,pass,0.03166566239559235,False,feature_132 (+0.78); feature_060 (+0.52); feature_061 (+0.37),140
record_1498,1498,2008-10-14 03:35:00,pass,0.030184293782755185,False,feature_588 (+1.13); feature_124 (+0.81); feature_040 (+0.63),141
record_1381,1381,2008-10-06 22:37:00,pass,0.028309789306852233,False,feature_000 (+0.67); feature_132 (+0.54); feature_485 (+0.32),142
record_1378,1378,2008-10-06 20:47:00,pass,0.02619101751341578,False,feature_306 (+0.75); feature_060 (+0.62); feature_442 (+0.60),143
record_1414,1414,2008-10-08 06:25:00,pass,0.026056392068561925,False,feature_486 (+0.55); feature_354 (+0.53); feature_053 (+0.45),144
record_1497,1497,2008-10-14 03:28:00,pass,0.025634776290937716,False,feature_053 (+0.98); feature_124 (+0.59); feature_050 (+0.55),145
record_1277,1277,2008-10-03 20:26:00,pass,0.025576476027212323,False,feature_129 (+0.88); feature_060 (+0.78); feature_124 (+0.47),146
record_1369,1369,2008-10-06 16:50:00,pass,0.025467582631284617,False,feature_588 (+0.70); feature_132 (+0.55); feature_486 (+0.53),147
record_1417,1417,2008-10-08 07:16:00,pass,0.02514809173171474,False,feature_060 (+0.69); feature_132 (+0.56); feature_488 (+0.50),148
record_1499,1499,2008-10-14 13:13:00,pass,0.02494082241757299,False,feature_071 (+0.67); feature_274 (+0.61); feature_056 (+0.48),149
record_1548,1548,2008-10-16 02:22:00,pass,0.02402711434076845,False,feature_473 (+0.78); feature_115 (+0.73); feature_415 (+0.64),150
record_1357,1357,2008-10-06 09:57:00,pass,0.023819847980464732,False,feature_132 (+0.82); feature_486 (+0.59); feature_271 (+0.32),151
record_1377,1377,2008-10-06 20:36:00,pass,0.02320554663018455,False,feature_060 (+0.70); feature_415 (+0.61); feature_132 (+0.54),152
record_1520,1520,2008-10-15 03:24:00,pass,0.023119416717457174,False,feature_132 (+0.80); feature_201 (+0.54); feature_133 (+0.54),153
record_1325,1325,2008-10-05 15:35:00,fail,0.02296782641621264,False,feature_216 (+0.83); feature_129 (+0.58); feature_132 (+0.45),154
record_1287,1287,2008-10-04 02:36:00,pass,0.02234912487654968,False,feature_056 (+0.70); feature_491 (+0.52); feature_124 (+0.47),155
record_1541,1541,2008-10-15 22:45:00,pass,0.02216737810124634,False,feature_132 (+0.66); feature_060 (+0.49); feature_102 (+0.48),156
record_1527,1527,2008-10-15 08:21:00,pass,0.021498715222218506,False,feature_060 (+0.65); feature_274 (+0.61); feature_132 (+0.49),157
record_1558,1558,2008-10-16 05:13:00,pass,0.02087179132930777,False,feature_132 (+0.70); feature_344 (+0.54); feature_558 (+0.39),158
record_1266,1266,2008-10-03 05:01:00,pass,0.020339116453688324,False,feature_071 (+1.27); feature_060 (+0.63); feature_129 (+0.58),159
record_1428,1428,2008-10-08 17:31:00,pass,0.020080210754003108,False,feature_060 (+0.69); feature_132 (+0.56); feature_388 (+0.52),160
record_1391,1391,2008-10-07 09:20:00,pass,0.019904060720346776,False,feature_071 (+1.24); feature_132 (+0.51); feature_060 (+0.44),161
record_1296,1296,2008-10-04 18:59:00,pass,0.01905910248362398,False,feature_132 (+0.82); feature_274 (+0.77); feature_056 (+0.41),162
record_1335,1335,2008-10-06 00:41:00,pass,0.019013393015226802,False,feature_354 (+0.72); feature_060 (+0.62); feature_415 (+0.61),163
record_1333,1333,2008-10-05 20:30:00,pass,0.018833711534337626,False,feature_365 (+1.92); feature_060 (+0.60); feature_354 (+0.55),164
record_1415,1415,2008-10-08 07:10:00,pass,0.018758234856751904,False,feature_018 (+0.81); feature_491 (+0.71); feature_132 (+0.56),165
record_1522,1522,2008-10-15 05:13:00,pass,0.018584384735546987,False,feature_354 (+0.47); feature_488 (+0.38); feature_473 (+0.38),166
record_1528,1528,2008-10-15 09:11:00,pass,0.01673384844389298,False,feature_053 (+1.11); feature_274 (+0.99); feature_132 (+0.80),167
record_1508,1508,2008-10-14 20:48:00,pass,0.01618012784615474,False,feature_132 (+0.80); feature_133 (+0.54); feature_060 (+0.51),168
record_1546,1546,2008-10-16 02:16:00,pass,0.016125828554344326,False,feature_056 (+0.79); feature_415 (+0.61); feature_142 (+0.49),169
record_1339,1339,2008-10-06 02:44:00,pass,0.01582574680053506,False,feature_050 (+0.73); feature_415 (+0.61); feature_132 (+0.59),170
record_1388,1388,2008-10-07 08:25:00,pass,0.015725596271593367,False,feature_460 (+0.49); feature_132 (+0.42); feature_129 (+0.37),171
record_1484,1484,2008-10-13 19:17:00,pass,0.015616445742367738,False,feature_124 (+0.71); feature_099 (+0.67); feature_060 (+0.53),172
record_1337,1337,2008-10-06 01:27:00,pass,0.014852568146355402,False,feature_132 (+0.59); feature_060 (+0.57); feature_491 (+0.55),173
record_1305,1305,2008-10-05 01:35:00,pass,0.01472158813357128,False,feature_132 (+1.32); feature_274 (+0.78); feature_423 (+0.45),174
record_1273,1273,2008-10-03 18:45:00,pass,0.01456394710964067,False,feature_129 (+0.88); feature_056 (+0.70); feature_491 (+0.52),175
record_1512,1512,2008-10-15 00:27:00,pass,0.014394321813431457,False,feature_388 (+0.75); feature_040 (+0.75); feature_060 (+0.62),176
record_1341,1341,2008-10-06 03:31:00,pass,0.013744413807612764,False,feature_060 (+0.62); feature_132 (+0.59); feature_050 (+0.47),177
record_1317,1317,2008-10-05 10:43:00,pass,0.013737027441807336,False,feature_124 (+0.47); feature_354 (+0.45); feature_488 (+0.42),178
record_1482,1482,2008-10-13 15:42:00,pass,0.013721918828438989,False,feature_019 (+1.03); feature_124 (+0.71); feature_060 (+0.55),179
record_1503,1503,2008-10-14 14:43:00,pass,0.013586002561800762,False,feature_053 (+1.11); feature_054 (+0.63); feature_216 (+0.58),180
record_1386,1386,2008-10-07 07:32:00,pass,0.01337476066238125,False,feature_060 (+0.67); feature_132 (+0.46); feature_083 (+0.43),181
record_1393,1393,2008-10-07 10:04:00,pass,0.013186765455197603,False,feature_588 (+0.86); feature_056 (+0.70); feature_099 (+0.49),182
record_1295,1295,2008-10-04 18:25:00,pass,0.013036552911555633,False,feature_115 (+0.75); feature_216 (+0.69); feature_124 (+0.47),183
record_1518,1518,2008-10-15 02:40:00,pass,0.012762261412824183,False,feature_354 (+0.66); feature_388 (+0.55); feature_060 (+0.47),184
record_1389,1389,2008-10-07 08:26:00,pass,0.012719877380760972,False,feature_000 (+0.63); feature_060 (+0.62); feature_132 (+0.51),185
record_1483,1483,2008-10-13 16:13:00,pass,0.012569405502614938,False,feature_486 (+0.61); feature_124 (+0.54); feature_388 (+0.51),186
record_1342,1342,2008-10-06 03:50:00,fail,0.012294162938508966,False,feature_132 (+0.91); feature_491 (+0.55); feature_061 (+0.52),187
record_1464,1464,2008-10-11 23:16:00,pass,0.012201286644868017,False,feature_271 (+1.20); feature_344 (+0.59); feature_064 (+0.53),188
record_1493,1493,2008-10-13 22:48:00,pass,0.011951617961225144,False,feature_053 (+4.62); feature_054 (+2.63); feature_124 (+0.81),189
record_1336,1336,2008-10-06 01:25:00,pass,0.011396688048786413,False,feature_056 (+0.70); feature_129 (+0.65); feature_415 (+0.61),190
record_1455,1455,2008-10-11 02:55:00,pass,0.011380702522335686,False,feature_071 (+1.29); feature_216 (+0.74); feature_060 (+0.53),191
record_1504,1504,2008-10-14 17:36:00,pass,0.010634175966094804,False,feature_132 (+0.80); feature_133 (+0.54); feature_060 (+0.49),192
record_1402,1402,2008-10-07 14:35:00,pass,0.010369023094411485,False,feature_301 (+0.67); feature_050 (+0.63); feature_388 (+0.59),193
record_1365,1365,2008-10-06 15:00:00,fail,0.009992196054478642,False,feature_132 (+0.59); feature_201 (+0.53); feature_473 (+0.51),194
record_1405,1405,2008-10-07 17:28:00,pass,0.009942495170581527,False,feature_053 (+4.55); feature_054 (+2.70); feature_132 (+0.54),195
record_1426,1426,2008-10-08 16:26:00,pass,0.009911658657216656,False,feature_060 (+0.60); feature_274 (+0.45); feature_050 (+0.41),196
record_1436,1436,2008-10-08 23:50:00,pass,0.00956104416536294,False,feature_000 (+0.87); feature_060 (+0.62); feature_132 (+0.56),197
record_1371,1371,2008-10-06 17:26:00,pass,0.009538720546766695,False,feature_053 (+4.68); feature_054 (+2.54); feature_132 (+0.55),198
record_1284,1284,2008-10-03 23:46:00,pass,0.009317760710061523,False,feature_132 (+0.86); feature_277 (+0.68); feature_201 (+0.51),199
record_1492,1492,2008-10-13 21:57:00,pass,0.008970628530317859,False,feature_060 (+0.63); feature_124 (+0.59); feature_271 (+0.50),200
record_1323,1323,2008-10-05 14:34:00,pass,0.00868706142329753,False,feature_132 (+0.78); feature_563 (+0.64); feature_060 (+0.56),201
record_1457,1457,2008-10-11 07:38:00,pass,0.008490256365780572,False,feature_060 (+0.66); feature_488 (+0.50); feature_132 (+0.47),202
record_1490,1490,2008-10-13 21:20:00,pass,0.008447275574739222,False,feature_124 (+0.59); feature_473 (+0.53); feature_488 (+0.50),203
record_1399,1399,2008-10-07 12:40:00,pass,0.008348459298507747,False,feature_053 (+4.63); feature_054 (+2.51); feature_000 (+0.66),204
record_1424,1424,2008-10-08 14:48:00,pass,0.008285708451553925,False,feature_060 (+0.60); feature_486 (+0.57); feature_274 (+0.45),205
record_1308,1308,2008-10-05 04:48:00,pass,0.008036021957490555,False,feature_060 (+0.71); feature_043 (+0.50); feature_563 (+0.47),206
record_1525,1525,2008-10-15 07:36:00,pass,0.00800194346523019,False,feature_032 (+1.83); feature_071 (+0.84); feature_486 (+0.60),207
record_1372,1372,2008-10-06 17:35:00,pass,0.007787984720656614,False,feature_053 (+4.75); feature_054 (+2.54); feature_423 (+0.65),208
record_1390,1390,2008-10-07 09:11:00,pass,0.007638324231561854,False,feature_060 (+0.97); feature_043 (+0.59); feature_050 (+0.52),209
record_1481,1481,2008-10-13 15:42:00,pass,0.007543476300882791,False,feature_124 (+0.71); feature_274 (+0.54); feature_006 (+0.45),210
record_1347,1347,2008-10-06 06:11:00,pass,0.007512956399947192,False,feature_415 (+0.61); feature_060 (+0.59); feature_132 (+0.59),211
record_1469,1469,2008-10-12 03:21:00,pass,0.0074604731562759605,False,feature_071 (+1.01); feature_143 (+0.57); feature_416 (+0.53),212
record_1395,1395,2008-10-07 10:51:00,pass,0.007450625320315477,False,feature_132 (+0.51); feature_124 (+0.35); feature_129 (+0.33),213
record_1413,1413,2008-10-08 05:38:00,pass,0.00737601062579186,False,feature_588 (+1.01); feature_132 (+0.56); feature_562 (+0.43),214
record_1550,1550,2008-10-16 03:56:00,pass,0.0070616467677617565,False,feature_053 (+1.11); feature_054 (+0.63); feature_486 (+0.55),215
record_1471,1471,2008-10-12 08:19:00,pass,0.0070211136574929445,False,feature_344 (+0.44); feature_054 (+0.44); feature_355 (+0.43),216
record_1274,1274,2008-10-03 19:23:00,pass,0.006956899927536768,False,feature_129 (+0.88); feature_060 (+0.63); feature_124 (+0.47),217
record_1544,1544,2008-10-15 23:45:00,pass,0.006728750611472129,False,feature_491 (+0.95); feature_133 (+0.57); feature_388 (+0.51),218
record_1421,1421,2008-10-08 12:11:00,pass,0.00671913197375442,False,feature_060 (+0.91); feature_043 (+0.57); feature_050 (+0.55),219
record_1356,1356,2008-10-06 09:11:00,pass,0.006096639490490658,False,feature_129 (+0.65); feature_060 (+0.64); feature_132 (+0.47),220
record_1516,1516,2008-10-15 01:52:00,pass,0.0058751239186258224,False,feature_060 (+0.51); feature_488 (+0.50); feature_050 (+0.38),221
record_1517,1517,2008-10-15 02:40:00,pass,0.005625343357126186,False,feature_274 (+0.99); feature_132 (+0.80); feature_133 (+0.54),222
record_1553,1553,2008-10-16 04:04:00,pass,0.005450622206695096,False,feature_491 (+0.95); feature_133 (+0.57); feature_053 (+0.37),223
record_1479,1479,2008-10-13 14:30:00,pass,0.005319719203033247,False,feature_124 (+0.81); feature_354 (+0.46); feature_488 (+0.41),224
record_1309,1309,2008-10-05 05:31:00,pass,0.005260287240279694,False,feature_132 (+0.91); feature_216 (+0.89); feature_053 (+0.44),225
record_1420,1420,2008-10-08 10:37:00,pass,0.005054200380576553,False,feature_101 (+0.79); feature_102 (+0.63); feature_096 (+0.63),226
record_1419,1419,2008-10-08 09:06:00,pass,0.004789729233000194,False,feature_071 (+1.36); feature_388 (+0.68); feature_588 (+0.58),227
record_1472,1472,2008-10-12 18:47:00,pass,0.004542977141349112,False,feature_071 (+0.89); feature_354 (+0.46); feature_124 (+0.42),228
record_1387,1387,2008-10-07 07:41:00,pass,0.004346333461321035,False,feature_101 (+0.52); feature_060 (+0.47); feature_216 (+0.42),229
record_1453,1453,2008-10-10 21:07:00,pass,0.004174027593825119,False,feature_060 (+1.06); feature_050 (+0.64); feature_043 (+0.53),230
record_1362,1362,2008-10-06 13:08:00,pass,0.004128131380997871,False,feature_415 (+0.61); feature_132 (+0.56); feature_142 (+0.49),231
record_1442,1442,2008-10-09 15:04:00,pass,0.003943320029239532,False,feature_118 (+0.75); feature_056 (+0.48); feature_354 (+0.38),232
record_1534,1534,2008-10-15 15:11:00,pass,0.003637289092589805,False,feature_132 (+0.66); feature_040 (+0.63); feature_060 (+0.35),233
record_1551,1551,2008-10-16 04:02:00,pass,0.003512379869343241,False,feature_060 (+0.53); feature_061 (+0.41); feature_132 (+0.39),234
record_1375,1375,2008-10-06 19:42:00,pass,0.0033536455905173344,False,feature_354 (+0.62); feature_132 (+0.46); feature_488 (+0.45),235
record_1351,1351,2008-10-06 07:17:00,pass,0.0032863554786103765,False,feature_129 (+0.65); feature_060 (+0.60); feature_491 (+0.55),236
record_1543,1543,2008-10-15 23:00:00,pass,0.003234505095258706,False,feature_491 (+0.95); feature_133 (+0.57); feature_056 (+0.55),237
record_1523,1523,2008-10-15 05:16:00,pass,0.0029361605429622135,False,feature_053 (+0.98); feature_132 (+0.71); feature_354 (+0.65),238
record_1476,1476,2008-10-13 12:18:00,pass,0.002929488466450574,False,feature_060 (+0.58); feature_124 (+0.57); feature_050 (+0.46),239
record_1538,1538,2008-10-15 19:15:00,pass,0.0028736011712366272,False,feature_132 (+0.66); feature_060 (+0.61); feature_354 (+0.46),240
record_1537,1537,2008-10-15 18:16:00,pass,0.0028035840454721014,False,feature_132 (+0.41); feature_485 (+0.32); feature_468 (+0.31),241
record_1406,1406,2008-10-07 18:39:00,pass,0.0027490074634988052,False,feature_132 (+0.72); feature_056 (+0.70); feature_486 (+0.56),242
record_1535,1535,2008-10-15 16:24:00,pass,0.0026845572190087935,False,feature_216 (+0.79); feature_132 (+0.66); feature_473 (+0.35),243
record_1433,1433,2008-10-08 21:45:00,pass,0.0026192518100113587,False,feature_060 (+0.85); feature_050 (+0.68); feature_043 (+0.51),244
record_1480,1480,2008-10-13 14:55:00,pass,0.002601520646590967,False,feature_124 (+0.64); feature_270 (+0.36); feature_301 (+0.32),245
record_1452,1452,2008-10-10 21:03:00,pass,0.002599318264334603,False,feature_021 (+0.51); feature_201 (+0.50); feature_132 (+0.47),246
record_1449,1449,2008-10-10 15:33:00,pass,0.002510361608300164,False,feature_060 (+0.63); feature_132 (+0.59); feature_050 (+0.39),247
record_1384,1384,2008-10-07 03:29:00,pass,0.0024445583572945853,False,feature_060 (+0.80); feature_222 (+0.78); feature_132 (+0.46),248
record_1258,1258,2008-10-02 23:32:00,pass,0.0022846409287194578,False,feature_132 (+1.12); feature_277 (+0.57); feature_354 (+0.51),249
record_1353,1353,2008-10-06 07:38:00,pass,0.002190821391479642,False,feature_129 (+0.65); feature_060 (+0.59); feature_050 (+0.58),250
record_1465,1465,2008-10-11 23:58:00,pass,0.0021248398677876706,False,feature_216 (+0.65); feature_488 (+0.50); feature_124 (+0.47),251
record_1437,1437,2008-10-09 00:23:00,pass,0.0021101705068940846,False,feature_060 (+0.86); feature_491 (+0.70); feature_043 (+0.61),252
record_1488,1488,2008-10-13 20:30:00,pass,0.002067808801798441,False,feature_032 (+1.83); feature_053 (+0.98); feature_124 (+0.59),253
record_1526,1526,2008-10-15 07:55:00,pass,0.0020620858604752743,False,feature_040 (+0.67); feature_132 (+0.49); feature_056 (+0.48),254
record_1354,1354,2008-10-06 08:24:00,pass,0.001994744672070567,False,feature_132 (+0.70); feature_060 (+0.58); feature_365 (+0.42),255
record_1462,1462,2008-10-11 15:33:00,pass,0.0019421754601556436,False,feature_588 (+1.10); feature_124 (+0.57); feature_132 (+0.42),256
record_1310,1310,2008-10-05 05:53:00,pass,0.0018989127995522157,False,feature_344 (+0.53); feature_415 (+0.42); feature_000 (+0.42),257
record_1352,1352,2008-10-06 07:35:00,pass,0.0018682858925840613,False,feature_056 (+0.70); feature_132 (+0.53); feature_344 (+0.43),258
record_1290,1290,2008-10-04 04:45:00,pass,0.0017933909845955897,False,feature_132 (+0.84); feature_056 (+0.70); feature_415 (+0.44),259
record_1430,1430,2008-10-08 18:22:00,pass,0.0017654009316550505,False,feature_060 (+0.82); feature_115 (+0.56); feature_050 (+0.52),260
record_1383,1383,2008-10-07 01:46:00,pass,0.0017510680366179545,False,feature_060 (+0.73); feature_071 (+0.69); feature_000 (+0.61),261
record_1463,1463,2008-10-11 16:25:00,pass,0.001593337483772536,False,feature_124 (+0.57); feature_588 (+0.51); feature_388 (+0.49),262
record_1510,1510,2008-10-14 23:07:00,pass,0.0014761513542991612,False,feature_115 (+0.41); feature_129 (+0.37); feature_354 (+0.33),263
record_1382,1382,2008-10-06 23:03:00,pass,0.0013791941084239584,False,feature_388 (+0.67); feature_354 (+0.57); feature_344 (+0.47),264
record_1468,1468,2008-10-12 02:59:00,pass,0.0012886844446887815,False,feature_423 (+0.50); feature_124 (+0.47); feature_054 (+0.44),265
record_1445,1445,2008-10-10 10:05:00,pass,0.0012778927041495192,False,feature_060 (+0.74); feature_040 (+0.68); feature_132 (+0.59),266
record_1475,1475,2008-10-13 11:27:00,pass,0.0012701276332475675,False,feature_124 (+0.54); feature_588 (+0.44); feature_589 (+0.43),267
record_1268,1268,2008-10-03 06:15:00,pass,0.0012227943543063318,False,feature_132 (+1.12); feature_354 (+0.58); feature_488 (+0.43),268
record_1286,1286,2008-10-04 01:49:00,pass,0.0011371427967780494,False,feature_132 (+0.86); feature_038 (+0.48); feature_305 (+0.40),269
record_1338,1338,2008-10-06 01:30:00,pass,0.0010935430189486606,False,feature_354 (+0.56); feature_132 (+0.52); feature_060 (+0.52),270
record_1524,1524,2008-10-15 06:49:00,pass,0.000998574255030752,False,feature_053 (+0.98); feature_040 (+0.67); feature_132 (+0.49),271
record_1270,1270,2008-10-03 09:30:00,pass,0.0009225640900913876,False,feature_132 (+1.32); feature_277 (+0.57); feature_354 (+0.53),272
record_1473,1473,2008-10-13 03:34:00,pass,0.0008793269217215116,False,feature_124 (+0.57); feature_415 (+0.51); feature_098 (+0.41),273
record_1350,1350,2008-10-06 07:12:00,pass,0.0008136702981987518,False,feature_354 (+0.64); feature_132 (+0.53); feature_488 (+0.46),274
record_1564,1564,2008-10-17 05:26:00,pass,0.0008051357901397377,False,feature_056 (+0.79); feature_239 (+0.31); feature_238 (+0.28),275
record_1477,1477,2008-10-13 14:06:00,pass,0.0005923486994607712,False,feature_053 (+0.98); feature_124 (+0.64); feature_071 (+0.54),276
record_1370,1370,2008-10-06 17:26:00,pass,0.0005621551293474882,False,feature_588 (+0.70); feature_050 (+0.56); feature_060 (+0.54),277
record_1355,1355,2008-10-06 08:57:00,pass,0.0005572526789464114,False,feature_053 (+4.56); feature_054 (+2.40); feature_071 (+0.62),278
record_1502,1502,2008-10-14 14:15:00,pass,0.0005071996626470599,False,feature_124 (+0.64); feature_060 (+0.55); feature_588 (+0.45),279
record_1439,1439,2008-10-09 06:06:00,pass,0.0005067832715946608,False,feature_040 (+0.75); feature_060 (+0.63); feature_050 (+0.46),280
record_1466,1466,2008-10-12 00:57:00,pass,0.0005028036652796311,False,feature_060 (+0.67); feature_124 (+0.57); feature_050 (+0.49),281
record_1291,1291,2008-10-04 09:29:00,pass,0.0003931974165086573,False,feature_053 (+4.70); feature_054 (+2.67); feature_071 (+1.06),282
record_1416,1416,2008-10-08 07:13:00,pass,0.00037903149522532114,False,feature_060 (+0.85); feature_132 (+0.72); feature_388 (+0.60),283
record_1501,1501,2008-10-14 14:07:00,pass,0.00034771028661282586,False,feature_060 (+0.59); feature_143 (+0.41); feature_416 (+0.38),284
record_1566,1566,2008-10-17 06:07:00,pass,0.0003357254423290379,False,feature_060 (+0.48); feature_102 (+0.41); feature_006 (+0.38),285
record_1491,1491,2008-10-13 21:47:00,pass,0.0003292782654177518,False,feature_060 (+0.86); feature_124 (+0.59); feature_043 (+0.49),286
record_1368,1368,2008-10-06 16:42:00,pass,0.0003082959189054987,False,feature_588 (+0.70); feature_132 (+0.55); feature_000 (+0.43),287
record_1454,1454,2008-10-10 21:16:00,pass,0.00030750286488130267,False,feature_473 (+0.92); feature_270 (+0.91); feature_201 (+0.50),288
record_1561,1561,2008-10-16 15:02:00,pass,0.00023914045906376494,False,feature_473 (+0.89); feature_415 (+0.64); feature_388 (+0.62),289
record_1404,1404,2008-10-07 17:06:00,pass,0.00023522002490802523,False,feature_132 (+0.72); feature_060 (+0.71); feature_040 (+0.68),290
record_1425,1425,2008-10-08 15:37:00,pass,0.0002270678671771352,False,feature_060 (+0.69); feature_050 (+0.50); feature_486 (+0.42),291
record_1478,1478,2008-10-13 14:29:00,pass,0.00022137070922907082,False,feature_124 (+0.81); feature_060 (+0.50); feature_355 (+0.50),292
record_1423,1423,2008-10-08 13:38:00,pass,0.0002123305475520772,False,feature_060 (+0.59); feature_216 (+0.47); feature_050 (+0.45),293
record_1434,1434,2008-10-08 22:08:00,pass,0.00014355286454624245,False,feature_060 (+0.60); feature_124 (+0.57); feature_354 (+0.49),294
record_1529,1529,2008-10-15 10:00:00,pass,0.00011837193596006087,False,feature_354 (+0.45); feature_488 (+0.44); feature_132 (+0.41),295
record_1422,1422,2008-10-08 13:35:00,pass,0.00011205888348946502,False,feature_060 (+0.89); feature_050 (+0.69); feature_132 (+0.56),296
record_1429,1429,2008-10-08 17:41:00,pass,5.697450955233357e-05,False,feature_388 (+4.79); feature_060 (+0.95); feature_071 (+0.85),297
record_1349,1349,2008-10-06 06:49:00,pass,2.9108207584502332e-05,False,feature_060 (+0.66); feature_132 (+0.53); feature_043 (+0.43),298
record_1380,1380,2008-10-06 21:48:00,pass,2.8724777415065277e-05,False,feature_460 (+0.79); feature_060 (+0.55); feature_132 (+0.46),299
record_1461,1461,2008-10-11 14:43:00,pass,7.055660572465381e-06,False,feature_060 (+0.96); feature_071 (+0.86); feature_099 (+0.71),300
record_1489,1489,2008-10-13 20:53:00,pass,2.2732148576958906e-06,False,feature_059 (+2.08); feature_333 (+1.75); feature_197 (+1.25),301
record_1374,1374,2008-10-06 18:55:00,pass,1.350447446514733e-06,False,feature_060 (+0.66); feature_344 (+0.58); feature_132 (+0.55),302
record_1459,1459,2008-10-11 07:42:00,pass,1.0159328156779186e-06,False,feature_143 (+0.57); feature_132 (+0.53); feature_416 (+0.53),303
record_1418,1418,2008-10-08 09:01:00,pass,3.8891584922268623e-07,False,feature_249 (+2.01); feature_387 (+1.92); feature_132 (+0.72),304
record_1331,1331,2008-10-05 19:45:00,pass,2.1150693592636557e-07,False,feature_388 (+1.09); feature_415 (+0.61); feature_344 (+0.52),305
record_1314,1314,2008-10-05 09:04:00,pass,1.0523999090153929e-07,False,feature_277 (+0.55); feature_099 (+0.45); feature_274 (+0.45),306
record_1319,1319,2008-10-05 11:30:00,pass,9.738733069566059e-08,False,feature_132 (+0.82); feature_277 (+0.72); feature_000 (+0.45),307
record_1408,1408,2008-10-07 20:19:00,pass,2.7620417489963633e-08,False,feature_132 (+0.54); feature_354 (+0.50); feature_038 (+0.48),308
record_1307,1307,2008-10-05 04:20:00,pass,1.1530838770802183e-08,False,feature_473 (+0.99); feature_132 (+0.86); feature_277 (+0.72),309
record_1458,1458,2008-10-11 07:39:00,pass,8.505046436493626e-10,False,feature_201 (+6.77); feature_471 (+4.71); feature_475 (+4.36),310
record_1304,1304,2008-10-05 00:33:00,pass,0.0,False,feature_275 (+1050.33); feature_277 (+5.99); feature_413 (+2.19),311
record_1320,1320,2008-10-05 12:03:00,pass,0.0,False,feature_275 (+1050.34); feature_277 (+4.51); feature_413 (+2.19),312
record_1446,1446,2008-10-10 10:46:00,pass,0.0,False,feature_275 (+1050.05); feature_413 (+2.18); feature_138 (+1.48),313
record_1456,1456,2008-10-11 06:56:00,pass,0.0,False,feature_275 (+1050.29); feature_277 (+9.43); feature_413 (+2.19),314
